Razão Social,Nome Fantasia,CNPJ,Cidade,UF,Telefones não atendidos e inválidos (exceto contador),Endereço na Web,URL do Facebook,URL do Instagram,Administrador,E-mails válidos
TORFRESMA INDUSTRIAL LTDA,,72.368.905/0001-20,São miguel do oeste,SC,4936314200,,facebook.com/torfresma,,CLAUDIMAR  B.,"edson.fracaro@torfresma.com, adriano@torfresma.com, waldir@torfresma.com, felipe@torfresma.com"
INTECNIAL S.A. - EM RECUPERACAO JUDICIAL,INTECNIAL,89.432.702/0001-58,Erechim,RS,5421078000,https://intecnial.com.br/,facebook.com/intecnial,,AIRTON  J. F.,"recrutamento@intecnial.com.br, eduardo.marchioro@intecnial.com.br, valdir.nerling@intecnial.com.br, gelson.paska@intecnial.com.br, daniela.brum@intecnial.com.br, juridico@intecnial.com.br, natan.duarte@intecnial.com.br, ezequiel.fontana@intecnial.com.br"
MECANICA BONFANTI SA,,51.378.321/0001-65,Leme,SP,"1935734400, 1935721850",https://bonfanti.com.br/,facebook.com/bonfanti.sa,,ROSEANA  M. B. S.,
GRANEISA EQUIPAMENTOS LTDA,GRANEISA,06.056.462/0001-07,São paulo,SP,1122061369,https://graneisa.com.br/,,,ITALO  B. S.,
JOSE MURILIA BOZZA COMERCIO E INDUSTRIA LTDA EM RECUPERACAO JUDICIAL,,61.103.669/0001-01,São bernardo do campo,SP,1121799966,http://bozza.com.br,,,ELIBE  P. E.,
CISABRASILE LTDA.,,05.120.289/0001-04,Joinville,SC,"4738019053, 4738019090",https://cisabrasile.com.br/,,,,
SIMPRO DO BRASIL LTDA,,02.154.018/0001-73,Betim,MG,"3135922375, 3135913434",https://simprodobrasil.com.br/,,,SIMPRO  S. S. E. M. D. P.,
MONTEFERRO AMERICA LATINA LTDA,MONTEFERRO,03.965.921/0001-87,Cotia,SP,"1146136999, 1147770998, 1147027153",https://monteferro.it/,facebook.com/Monteferro-America-Latina-1687960907914737,,MONTEFERRO  I. B. S.,"idnelson@monteferro.com.br, carlos.mussi@monteferro.com.br, cesar.kirilo@monteferro.com.br, flavio.freire@monteferro.com.br, ricardo.farias@monteferro.com.br, sergio.pedrozo@monteferro.com.br, customer.service@monteferro.it, monteferro@montespain.com, sales@monteferroamerica.com, kumar@monteferro.it"
METROVAL CONTROLE DE FLUIDOS LTDA,,58.762.956/0001-00,Nova odessa,SP,"85986451507, 91991983775, 92991068600, 21979142343",https://metroval.com.br/,facebook.com/Metroval-Controle-de-Fluidos-Ltda-208240265931589,,PAOLO  F.,
PDL SISTEMAS LTDA,,02.358.451/0001-20,Santos,SP,Nenhum telefone válido no momento.,https://pdl.com.br/,,,ROBERTO  L. D. P.,pdl@pdl.com.br
PETROTEC EQUIPAMENTOS PARA CONSTRUCAO CIVIL LTDA,PETROTEC,03.881.568/0001-57,Sertãozinho,SP,16996438895,https://petrotec.com.br/,facebook.com/195765223823446,,CESAR  D. M.,petrotec@petrotec.com.br
SOFIR DO BRASIL CONSTRUCOES INDUSTRIAIS LTDA,SOFIR DO BRASIL,06.313.403/0001-77,Contagem,MG,3121383414,https://sofirdobrasil.com.br/,facebook.com/pages/Sofir-do-Brasil/100779634793819,,MATTEO  M.,orcamentos@sofir-group.com
KUKA SYSTEMS DO BRASIL LTDA,KUKA SYSTEMS DO BRASIL LTDA,02.912.332/0001-78,Diadema,SP,"1133822115, 1133822116",,facebook.com/KUKAGlobal,,GILMAR  F. D. M.,"ariani.batista@kuka.com, dominik.lachner@kuka.com, gilmar.miranda@kuka.com"
ALIANCA EQUIPAMENTOS INDUSTRIAIS LTDA,,03.377.410/0001-44,Mogi guaçu,SP,1938915253,https://aliancaequipamentos.com.br/,facebook.com/alianca.equipamentos.industriais,,CELIO  A. S.,
VANASA MULTIGAS ENGENHARIA INDUSTRIA E COMERCIO LTDA.,,07.243.151/0001-10,Cerquilho,SP,"1533845562, 1532884040, 19991766909",https://vanasamultigas.com.br/,facebook.com/Vanasa-Multigás-Engenharia-Industria-e-Comercio-Ltda-1590583567860169,,PLINIO  L. M.,
SCM GROUP TECMATIC MAQUINAS E EQUIPAMENTOS LTDA,,78.977.451/0001-70,São bento do sul,SC,4736313520,http://tecmatic.com.br,facebook.com/scm.tecmatic,,SCM  G. S.,
"ICP LATIN AMERICA INDUSTRIA, COMERCIO E MANUTENCAO DE EQUIPAMENTOS LTDA",ICP LATIN AMERICA,13.129.196/0001-60,Itupeva,SP,1144964320,https://icp-la.com.br/,,,RODRIGO  J. P. L. D.,
SEMCO TECNOLOGIA EM PROCESSOS LTDA.,,15.108.353/0001-87,São paulo,SP,1135762000,https://semcoequipamentos.com.br/,facebook.com/semcoequipamentos,,,
HAHNTEL LTDA,POLLUX - FUN2C,01.533.865/0001-86,Joinville,SC,Nenhum telefone válido no momento.,http://pollux.com.br,facebook.com/PolluxAutomation,,RENATO  R. I.,
TECNOFINK LTDA,,71.087.340/0001-40,Belo horizonte,MG,"31992937000, 2136691195",https://tecnofink.com/,facebook.com/tecnofink,,GLAUCIA  M. L. M.,"processos@contaliza.com.br, redesociais@tecnofink.com"
SMS GROUP METALURGIA DO BRASIL LTDA.,SMS GROUP DO BRASIL,60.863.404/0001-30,Vespasiano,MG,"3121251314, 3121251135, 3121251100",https://www.sms-group.com/,,"instagram.com/sms_group,instagram.com/sms_groupe,instagram.com/smsgroupco,instagram.com/sms_group_int,instagram.com/sms_group_4143,instagram.com/sheiksha11,instagram.com/sms_cons_mex,instagram.com/smsgrouplive",MARCELLUS  P. S.,
TUNKERS DO BRASIL LTDA,,02.619.891/0001-94,Diadema,SP,"1140614161, 1140563100",https://tuenkers.com.br/,,,,
OMECO INDUSTRIA E COMERCIO DE MAQUINAS LTDA,,76.485.390/0001-07,Curitiba,PR,Nenhum telefone válido no momento.,https://omeco.com.br/,facebook.com/omecomaquinas,,AFRANIO  U. D. A.,
PEMILL FUNDICAO E USINAGEM LTDA,PEMILL,08.515.480/0001-35,Divinópolis,MG,"3735125600, 3732217161",https://pemill.com.br/,facebook.com/PemillOficial,,EDSON  L. D. S.,
POLIMOLD INDUSTRIAL LTDA.,POLIMOLD,44.106.466/0001-41,São bernardo do campo,SP,"1143587343, 1143587300, 11982777296, 81983331199, 1143587333",https://polimold.com.br/,facebook.com/Polimoldindustrial,,ALEXANDRE  R. R. F.,"vendas@polimold.com.br, erick@polimold.com.br"
VERDES MAQUINAS E INSTALACOES LTDA,VERDES,45.470.283/0001-73,Itu,SP,"1140248211, 1140248256",https://verdes.com.br/,,,ISABEL  V. B.,
PRONATEC EQUIPAMENTOS INDUSTRIA E COMERCIO LTDA,,57.686.164/0001-31,São paulo,SP,Nenhum telefone válido no momento.,https://pronatec.com.br/,facebook.com/pronatecifce,,ARILDO  M. T.,
INDUCTOTHERM GROUP BRASIL LTDA,INDUCTOTHERM GROUP,51.223.253/0001-65,Indaiatuba,SP,1938856800,https://inductothermgroup.com.br/,,,JOSE  Q. N.,"contato@inductothermgroup.com.br, quintana@inductothermgroup.com.br"
FABRIMA MAQUINAS AUTOMATICAS LTDA,,43.222.439/0001-71,Guarulhos,SP,1132463666,https://fabrima.com/,,,MAURICIO  S. M.,
FACHINI MAQUINAS LTDA,DOBRADEIRAS FACHINI,04.152.592/0001-18,Cascavel,PR,Nenhum telefone válido no momento.,https://dobradeirasfachini.com.br/,facebook.com/dobradeirafachini,,JUCEMAR  E. F.,
IBRAFER MBM LTDA.,IBRAFER,71.477.426/0001-89,Sorocaba,SP,1532194020,https://ibrafer.com/,,,JOSE  H. D. S. T.,"patricia.vaz@ibrafer.com, contato@ibrafer.com"
DE NORA DO BRASIL LTDA,,00.776.908/0001-91,Sorocaba,SP,"1521014450, 1521014456",,facebook.com/pages/De-Nora-do-Brasil/395617850546735,,LUIZ  G. N.,luiz.gonzaga@denora.com
MIB MECANICA INDUSTRIAL BUENO LTDA,,01.478.443/0001-55,Betim,MG,3131982800,,,,ANDRE  L. B.,
LONGA INDUSTRIAL LTDA,,61.585.733/0001-20,Porto feliz,SP,1532628100,https://longa.com.br/,facebook.com/longaindustrial.armazenagem,,QUENTRICO  I.,
MECSTEEL - INDUSTRIA MECANICA LTDA,MECSTEEL,02.099.296/0001-75,Barra mansa,RJ,Nenhum telefone válido no momento.,https://mecsteel.ind.br/,,instagram.com/its_skrtt,PAULO  C. B. D. S.,
ZUIKO INDUSTRIA DE MAQUINAS LTDA.,,15.500.776/0001-48,Pindamonhangaba,SP,1236427028,https://zuiko.com.br/,,,ZUIKO  C. L.,"wellington.silva@zuiko.com.br, eduardo.donatilio@zuiko.com.br, weverton.silva@zuiko.com.br, alison.oliveira@zuiko.com.br, miyuki.kubo@zuiko.com.br"
BALAN EQUIPAMENTOS INDUSTRIAIS LTDA,,00.439.027/0001-85,Piracicaba,SP,1934336828,http://balanequipamentos.com.br,,,VORNEY  A. B.,
ADZ INDUSTRIA E COMERCIO LTDA,A D Z SERVICOS MECANICOS,01.812.637/0001-45,Tambaú,SP,Nenhum telefone válido no momento.,https://adz.com.br/,facebook.com/Adzind,,APARECIDO  D. Z.,financeiro2@adz.com.br
CONMEC INDUSTRIAL LTDA,,01.191.207/0001-53,Aracruz,ES,2732707100,https://conmec.com.br/,,,CELIO  C. G.,"nathan@conmec.com.br, celio@conmec.com.br, romero@conmec.com.br, lais.bissi@conmec.com.br, ronoaldo@conmec.com.br, wanderson@conmec.com.br, natan.oliveira@conmec.com.br, joao.devens@conmec.com.br, celia@conmec.com.br, tiago.cavaglieri@conmec.com.br, andre@conmec.com.br, noef@conmec.com.br, murilo@conmec.com.br, diego.sampaio@conmec.com.br, comercial@conmec.com.br"
"SIAUTEC SISTEMAS DE AUTOMACAO, TECNOLOGIA E ROBOTICA LTDA",SIAUTEC ENGENHARIA INDUSTRIAL,22.151.274/0001-14,Betim,MG,3125593859,,facebook.com/siautec,,BRUNO  P. C.,
ICON S/A - EQUIPAMENTOS E MOLDES,,00.364.536/0001-96,Criciúma,SC,"8332340529, 8332340738",iconmatrizesemoldes.com.br,,,RONALDO  A. D. F.,
PREMIER TECH SISTEMAS E AUTOMACAO INDUSTRIA E COMERCIO DO BRASIL LTDA,,72.734.627/0001-87,Jundiaí,SP,"1145251151, 1126219023",,,,JULIANO  F. B.,nfe.ptsa@premiertech.com
SOLGIM SOLDA E METAIS LTDA,,01.183.257/0001-99,Atibaia,SP,Nenhum telefone válido no momento.,https://solgim.com.br/,,,LEANDRO  G.,"solgim@solgim.com.br, daiane@solgim.com.br, leandro@solgim.com.br"
RULLI STANDARD INDUSTRIA E COMERCIO DE MAQUINAS LTDA,,61.303.756/0001-02,Guarulhos,SP,"1124860006, 1124894500",https://rullistandard.com.br/,,,LUIS  C. R.,
CAVENAGHI INDUSTRIA E COMERCIO DE EQUIPAMENTOS ESPECIAIS LTDA,,04.589.483/0001-62,São paulo,SP,11940056880,https://cavenaghi.com.br/,facebook.com/SiteCavenaghi,,CARLOS  E. C.,
FUNDIMAZZA INDUSTRIA E COMERCIO DE MICROFUNDIDOS LTDA,FUNDIMAZZA,03.566.509/0001-94,Cordeirópolis,SP,Nenhum telefone válido no momento.,https://fundimazza.com.br/,,,SERGIO  A. D. S.,
LIESS MAQUINAS E EQUIPAMENTOS LTDA.,,92.765.833/0001-61,Canoas,RS,Nenhum telefone válido no momento.,https://liess.ind.br/,,,JOSE  L. R.,
NICROM INDUSTRIAL LTDA,,76.596.659/0001-14,Curitiba,PR,4133324377,https://nicrom.com.br/,facebook.com/Nicrom3D,,MAURICIO  A. D. S.,johnq002@gmail.com
NETZSCH INDUSTRIA E COMERCIO DE EQUIPAMENTOS DE MOAGEM LTDA,NETZSCH EQUIPAMENTOS,07.389.050/0001-51,Pomerode,SC,4733877031,http://netzsch-grinding.com,facebook.com/netzsch.moagem,,JULIO  N. D. C.,
S. E. E. SISTEMAS INDUSTRIA E COMERCIO LTDA,,65.512.733/0001-50,São paulo,SP,1136236500,https://seesistemas.com.br/,,,ESAU  M. R.,
GASCAT INDUSTRIA E COMERCIO LTDA,GASCAT,00.965.449/0001-94,Indaiatuba,SP,1939369300,https://gascat.com.br/,facebook.com/GasCat-1554230661328669,,CELSO  P. N.,turbintojas@gmail.com
TECNOFLEX INDUSTRIA MECANICA LTDA.,,01.812.925/0001-08,Vespasiano,MG,"3134982088, 31988647727",https://tecnoflexmg.com.br/,,,ANTONIO  L. D. A. N.,
LEOGAP INDUSTRIA E COMERCIO DE MAQUINAS LTDA,,76.520.758/0001-12,Curitiba,PR,"4130283190, 41988877715",https://leogap.com/,facebook.com/probatleogap,,MAXIMILIAN  J. M.,
ANDRITZ SEPARATION INDUSTRIA E COMERCIO DE EQUIPAMENTOS DE FILTRACAO LTDA,ANDRITZ SEPARATION,06.349.916/0001-38,Pomerode,SC,"4733879100, 4733879174, 4733879170",http://andritz.com.br,facebook.com/pages/andritz-separation/916025452101918,,LUIS  M. B.,
CROMO AZUL INDUSTRIA E COMERCIO DE ART DE ARAME LTDA,CROMO AZUL,00.901.682/0001-03,Itaquaquecetuba,SP,Nenhum telefone válido no momento.,http://cromoazul.com.br,facebook.com/cromoazul,,ADOLFO  B.,
PIOVAN DO BRASIL INDUSTRIA E COMERCIO LTDA,,48.296.321/0001-01,Osasco,SP,1136939529,http://piovan.com.br,facebook.com/pages/Piovan-Do-Brasil/281022148670659,,RICARDO  P. S.,
MILLING FERRAMENTAS PARA PUNCIONADEIRAS LTDA,,04.735.511/0001-02,Diadema,SP,1156242444,http://milling.com.br,,,FABIO  A. V.,
"FEACO INDUSTRIA, COMERCIO E DISTRIBUIDORA DE MAQUINAS E EQUIPAMENTOS INDUSTRIAIS LTDA",FEACO LTDA,22.356.415/0001-35,Rio das pedras,SP,"1934933478, 1934374800",https://feaco.com.br/,,instagram.com/my.feaco,MARCOS  M. F.,
TOX PRESSOTECHNIK DO BRASIL- INDUSTRIA E COMERCIO DE EQUIPAMENTOS LTDA,TOX PRESSOTECHNIK DO BRASIL,03.818.222/0001-04,Joinville,SC,"4734199030, 4734199000",,facebook.com/tox.pressotechnik.brasil,,DIEGO  H. T.,
SONITRON ULTRA SONICA LIMITADA,,43.052.976/0001-10,Santana de parnaíba,SP,1141569999,,,,ANTONIO  J. S.,
MASIPACK INDUSTRIA E COMERCIO DE MAQUINAS AUTOMATICAS S/A EM RECUPERACAO JUDICIAL EM RECUPERACAO JUDICIAL,,58.071.614/0001-44,São bernardo do campo,SP,"1141788306, 1132463666",https://masipack.com.br/,,instagram.com/masipack,MAURICIO  S. M.,"josivanio.silva@masipack.com.br, claudinei@masipack.com.br, marcelo.antunes@masipack.com.br, stefany.silva@masipack.com.br, liliane.silva@masipack.com.br, bruna.pereira@masipack.com.br, fernando.chemello@masipack.com.br, alcione.silva@masipack.com.br, claudio.junior@masipack.com.br, mayara.oban@masipack.com.br, leonardo.ferreira@masipack.com.br, fernando.reis@masipack.com.br, renan.pereira@masipack.com.br, anderson.marinho@masipack.com.br"
METALFEMA FERRAMENTAS PNEUMATICAS E ELETRICAS LTDA.,METALFEMA,89.813.802/0001-24,São leopoldo,RS,92984026237,metalfema.com.br,,,ERNESTO  F.,"vicente@metalfema.com.br, janaina@metalfema.com.br"
CRIPPA MAQUINAS E EQUIPAMENTOS LTDA,,01.630.356/0001-71,Bálsamo,SP,"1732649100, 1735123003",https://crippamaquinas.com.br/,facebook.com/570881216745151,,JOSE  R. R.,
SYSTEMPACK DO BRASIL INDUSTRIA DE MAQUINAS LTDA,,07.831.810/0001-39,Joinville,SC,4734548888,https://systempackdobrasil.com.br/,facebook.com/systempackdobrasil,,SILVIO  A. P.,
IMSB INDUSTRIA DE MAQUINAS E EQUIPAMENTOS LTDA.,,02.594.636/0001-34,Bento gonçalves,RS,5434557200,https://imsb.com.br/,facebook.com/imsbacompanyofaetnagroup,,,jmarchioro@robopac.com.br
SPEEDMAQ INDUSTRIA E COMERCIO DE MAQUINAS LTDA,,63.959.357/0001-11,São paulo,SP,"1138581633, 1138585671",https://speedmaq.com.br/,,instagram.com/speedmaqoficial,EDUARDO  G. D. A.,
MOTION BRASIL - TECNOLOGIA E AUTOMACAO LTDA,,01.306.302/0001-55,Caxias do sul,RS,Nenhum telefone válido no momento.,https://motionbrasil.com.br/,facebook.com/MotionBrasilTecnologiaEAutomacaoLtda,,JULIO  F.,
GIACOMELLI - INDUSTRIA DE MAQUINAS LTDA,GIACOMELLI MAQUINAS,92.257.641/0001-44,Caxias do sul,RS,5432123099,https://giacomelli.ind.br/,facebook.com/giacomellimaquinas,,MAURO  L. G.,
"CEMAS DO BRASIL, INDUSTRIA DE MAQUINAS PARA USO INDUSTRIAL LTDA",,07.568.340/0001-62,Contagem,MG,3133293950,cemasdobrasil.com.br,facebook.com/cemasdobrasil,,GILNEY  G. D. L.,
ACOESPECIAL COMERCIAL LTDA,A.A.A. ACOESPECIAL,52.491.578/0001-91,São paulo,SP,"11983579549, 1133926700",https://acoespecial.com.br/,,,PAULO  S. R.,
LANMAR INDUSTRIA METALURGICA LTDA,,44.630.044/0001-70,Hortolândia,SP,1921185000,https://lanmarmetal.com.br/,,,JORGE  C. L.,lanmar@lanmarmetal.com.br
PROMINAS BRASIL EQUIPAMENTOS LTDA,,59.598.946/0001-44,São carlos,SP,Nenhum telefone válido no momento.,https://prominas.com.br/,facebook.com/prominas.equipamentos,"instagram.com/prominas,instagram.com/prominas.brasil",UBIRACI  M. P. C.,
WORTEX MAQUINAS E EQUIPAMENTOS LTDA,,48.181.267/0001-59,Campinas,SP,Nenhum telefone válido no momento.,https://wortex.com.br/,facebook.com/wortexmaquinas,,PAOLO  D. F.,
CARBOSYS INDUSTRIA LTDA,,34.829.045/0001-95,Campo largo,PR,41991088119,https://carbosys.com.br/,,,FERNANDO  G.,
MUNTERS BRASIL INDUSTRIA E COMERCIO LTDA,,00.385.090/0001-86,Araucária,PR,4133175050,https://munters.com.br/,,,LEONARDO  P. E. F.,
FULTEC INOX LTDA,FULTEC,01.803.338/0001-44,São carlos,SP,Nenhum telefone válido no momento.,https://fultecinox.com.br/,,,RENATO  F. D. A.,
DUREN EQUIPAMENTOS INDUSTRIAIS - EM RECUPERACAO JUDICIAL LTDA,,03.119.154/0001-95,Mauá,SP,1145437370,https://duren.com.br/,facebook.com/durenequipamentos,,MARIA  A. G.,legalizacao@admcontconsultoria.com.br
MAQUINAS OMIL LTDA,,84.148.485/0001-55,Ibirama,SC,4733578300,maquinasomil.com.br,facebook.com/fundicaoomil,,OMIL  P. S. L.,
CARPAN EQUIPAMENTOS AGROINDUSTRIAIS LTDA,CARPAN,87.273.694/0001-19,Panambi,RS,5533753484,http://carpan.com.br,,,LUISA  L. W. R.,
GAMA INDUSTRIA DE MATRIZES LTDA,,00.327.921/0001-63,Caxias do sul,RS,Nenhum telefone válido no momento.,https://gama.ind.br/,,,ANTONIO  D. G.,
LEWA BRASIL EQUIPAMENTOS LTDA,LEWA BRASIL,02.284.525/0001-21,Diadema,SP,1140759999,https://lewa.com.br/,facebook.com/lewabr,,VANESSA  A. D. C. D.,
PROMAC EQUIPAMENTOS LTDA,,57.911.950/0001-95,Sumaré,SP,"8332164800, 1938388400",https://promacbrasil.com.br/,facebook.com/PromacLtda,,JOAO  L. J.,
CARBOGRAFITE EQUIPAMENTOS INDUSTRIAIS LTDA,,36.427.615/0001-46,Petrópolis,RJ,"62991586705, 62984899035, 6432213310, 4130398098, 65999983213, 41999680012, 6734283386, 31999340072, 4133491685",https://carbografite.com.br/,facebook.com/JdRepresentacoesLtda,,IVENS  P. D. D. S.,"jdgoias@gmail.com, vendas.eletroagil@hotmail.com, oficina.regulex@gmail.com, contato@servsolda.com.br, reimaq_manutencao@hotmail.com, atlantismanutencao@hotmail.com, eletrosoldas2016@gmail.com, eletrotecnicamm@hotmail.com, salomaopchagas@gmail.com, rebobinadora_tocantins@hotmail.com, eletroeletronicaamaral@outlook.com"
KUTTNER DO BRASIL EQUIPAMENTOS SIDERURGICOS LIMITADA,KUTTNER DO BRASIL,16.714.685/0001-78,Contagem,MG,Nenhum telefone válido no momento.,https://kuttner.com.br/,,,JOAQUIM  L. M. D. B. J.,
CBD MECANICA INDUSTRIAL LTDA,CBD MECANICA INDUSTRIAL,59.905.042/0001-14,Suzano,SP,1147453947,https://cbd.com.br/,,,JOAO  U.,
EQUILIBRIO BALANCEAMENTOS INDUSTRIAIS LTDA,,02.115.297/0001-66,Sertãozinho,SP,Nenhum telefone válido no momento.,https://equilibrio.ind.br/,,,CARLOS  A. C. J.,contato@equilibrio.ind.br
SANTOFER FERROS E PERFILADOS LTDA,,01.291.412/0001-90,Nova odessa,SP,Nenhum telefone válido no momento.,https://santofer.com.br/,,,PAULO  F. C.,
MECANEL MECANICA E ELETRONICA INDUSTRIAL LTDA,MECANEL,66.595.737/0001-02,Mauá,SP,Nenhum telefone válido no momento.,https://mecanel.com.br/,,,GUSTAVO  T.,
APEX LATIN AMERICA INDUSTRIA DE MAQUINAS E EQUIPAMENTOS LTDA.,,13.677.173/0001-90,Campo magro,PR,"4136772678, 41999184036, 11999438051, 3620993834, 11947730551, 1148470020, 1153085179, 7529611121, 44977041684, 1145431647, 21964683493, 59988779117, 2155122028, 55987931529, 63917898368, 65997515725, 91970303171",http://apexlatinamerica.com,,,VALCINEI  F. B.,
MENDES MAQUINAS LTDA,,83.750.729/0001-02,Curitibanos,SC,4932410066,https://mendesmaquinas.com.br/,facebook.com/Mendesmaquinas,,ANDRE  M. F.,
SEMACALD PRODUTOS E SERVICOS LTDA,SEMACALD,02.813.519/0001-14,Joinville,SC,Nenhum telefone válido no momento.,https://semacald.com.br/,facebook.com/semacald,,LUIZ  C. P. J.,
MAQUINAS DANLY LTDA,,43.299.791/0001-05,Mairinque,SP,"1121070437, 1121070431",https://mdl-brasil.com.br/,,,LUZINALDO  N. D. S.,adminmq@mdl-danly.com.br
"GOEMA CONSULTORIA,INDUSTRIA E COMERCIO LTDA",,49.928.054/0001-00,São paulo,SP,Nenhum telefone válido no momento.,https://goema.com.br/,facebook.com/goema.brasil,,WOLFGANG  J. R.,
MARLI DAS GRACAS WOLFF TESTONI,GEOMETRIC EQUIPAMENTOS INDUSTRIAIS,95.755.617/0001-23,Joinville,SC,Nenhum telefone válido no momento.,https://geometric.ind.br/,,,,
SERVITECH SERVICOS TECNICOS E REPRESENTACOES LTDA,,81.857.112/0001-65,Tubarão,SC,4836282912,https://servitech.com.br/,,,JOSE  A. A.,
MOINHO YPIRANGA INDUSTRIA DE MAQUINAS LTDA,MOINHO IPIRANGA,13.273.368/0001-75,São bernardo do campo,SP,"1145553099, 1145139570",https://colorcell.com.br/,,,MARIA  A. D. S.,
MAGO AUTOMACAO INDUSTRIA E COMERCIO LTDA,,14.144.332/0001-54,São bernardo do campo,SP,"1150312860, 1123550255",https://mago.ind.br/,,,JOSE  L. G. G.,
MODELO LABOR METALURGICA LTDA,MODELO,00.132.003/0001-89,Mairinque,SP,1122712828,https://multifritas.com.br/,,,SABRINA  R. D. B.,
GLUAL HIDRAULICA DO BRASIL LTDA,GLUAL HIDRAULICA,18.121.051/0001-37,Sorocaba,SP,1533162370,https://glual.com.br/,,,RAMON  F. P.,
CSO MAQUINAS E CONSULTORIA LTDA.,,01.580.629/0001-10,Indaial,SC,"4733231440, 4733336535, 47999691647",https://csomaquinas.com.br/,,,CARLOS  A.,
SEEPIL SERVICOS E EQUIPAMENTOS ESPECIAIS PARA A INDUSTRIA A P LTDA,,49.297.567/0001-60,Duque de caxias,RJ,2127768557,http://seepil.com.br,facebook.com/seepilvalves,,VINICIUS  C. C.,
ZECON LTDA,ZECON,06.125.289/0001-51,Cataguases,MG,Nenhum telefone válido no momento.,https://zecon.com.br/,,,JURGEN  H.,
UNESA INDUSTRIA E COMERCIO DE MAQUINAS LTDA,,05.626.926/0001-00,Braço do norte,SC,4836582818,http://unesamaquinas.com.br,facebook.com/unesamaquinas,,ETI  G. U.,
PRUFTECHNIK MGS COMERCIO E SERVICOS LTDA,PRUFTECHNIK MGS,08.620.732/0001-96,Pedro leopoldo,MG,Nenhum telefone válido no momento.,http://fenos.com.br,facebook.com/pruftechnikmgs,,EMILIANO  B. D. S.,belavista@fenos.com.br
ENGECROL INDUSTRIA E COMERCIO DE EQUIPAMENTOS LTDA,ENGECROL,08.072.376/0001-13,Paulínia,SP,Nenhum telefone válido no momento.,https://engecrol.com.br/,,,SERGIO  E. S. C.,
SUPORT EQUIPAMENTOS INDUSTRIAIS LTDA,,04.991.967/0001-33,Tijucas,SC,Nenhum telefone válido no momento.,https://suportequipamentos.com.br/,,,ROBERTA  P. C.,"vendas@suportequipamentos.com.br, isabelle@suportequipamentos.com.br"
AMPLA INDUSTRIA METALURGICA LTDA,,89.660.757/0001-15,Getúlio vargas,RS,5433416800,https://ampla.ind.br/,facebook.com/Ampla-Indústria-Metalúrgica-1542150092743704,,DARCI  A. A.,
USITECNICA INDUSTRIA E COMERCIO LTDA,,08.648.962/0001-63,Uberaba,MG,3433345903,,,,ALINE  A. M. S. E. C.,
INDUSTRIA METALURGICA USIFER LTDA,USIFER,45.130.127/0001-63,Vinhedo,SP,1938268990,https://usifer.com.br/,,,LUIZ  M.,
GRUBRAS INDUSTRIA E COMERCIO DE GRUAS LTDA,,09.495.319/0001-00,Indaial,SC,4732819100,https://grubras.ind.br/,,instagram.com/grubras,HORST  B. J.,
RUB-ROL ROLOS GRAFICOS LTDA,RUB - ROL,05.285.916/0001-59,São paulo,SP,Nenhum telefone válido no momento.,http://rubrol.com.br,,,ANDRE  L. R.,
ESFER ESTAMPARIA E FERRAMENTARIA LTDA,ESFER,44.684.082/0001-06,Nova odessa,SP,Nenhum telefone válido no momento.,https://esfer.com.br/,,,SANTO  J. C.,
CIMEF METALURGIA LTDA EM RECUPERACAO JUDICIAL,,27.190.966/0001-95,Cachoeiro de itapemirim,ES,28999148399,https://cimef.com.br/,,instagram.com/cimefmetalurgia,VALQUIRIA  L. B.,
P.E. LATINA - MAQUINAS PARA ROTULAGEM LTDA.,,08.243.877/0001-15,Embu das artes,SP,"1137441430, 1147881420",https://pelatina.com.br/,,,FEDERICO  V.,
BAUSANO DO BRASIL COMERCIO IMPORTACAO E EXPORTACAO LTDA,BAUSANO DO BRASIL,03.044.107/0001-20,São paulo,SP,1156118981,https://bausanodobrasil.com/,,,CHRYSTALINO  B. F.,
HAVER & BOECKER LATINOAMERICANA MAQUINAS LIMITADA,HAVER & BOECKER,44.000.941/0001-09,Monte mor,SP,"1938799100, 9433465124, 1938797130, 1932898819, 66999841670, 51999814573",https://haverbrasil.com.br/,facebook.com/HaverBoeckerLatinoamericana,,RONALDO  C. D. S.,
PERFURATRIZ DTH HAMMERS TOOLS LTDA,PERFURATRIZ DTH,04.175.538/0001-98,Piracicaba,SP,"7734271588, 19974231594, 6230401771, 19974146074",https://perfuratrizdth.com.br/,facebook.com/grupoperfuratrizdth,,DARCI  D. L. N.,patricia@grupoperfuratrizdth.com.br
BZM INDUSTRIA E COMERCIO DE AUTO PECAS LTDA,,03.608.391/0001-10,Gaspar,SC,Nenhum telefone válido no momento.,https://bzm.com.br/,,,BRUNA  A. B.,
VALLFER - TINTAS E SUPRIMENTOS LTDA,,08.276.400/0001-36,Arapongas,PR,Nenhum telefone válido no momento.,http://vallfer.com.br,facebook.com/vallfersuprimentos,,FERNANDO  A. E.,
PLENUS MANUTENCAO INDUSTRIA E COMERCIO LTDA,,03.439.426/0001-34,Poços de caldas,MG,"3537133300, 3537135557",https://plenusmanutencao.com.br/,facebook.com/plenusmanutencao,,REGINALDO  A. D. S.,
IRALTEC INDUSTRIA E COMERCIO DE MAQUINAS LTDA,IRALTEC,07.106.873/0001-22,Nova odessa,SP,"1934765800, 1934765101",,,,ANDRE  L. S.,
CANADA LOCADORA DE EQUIPAMENTOS LIMITADA,,02.694.691/0001-04,Nova lima,MG,Nenhum telefone válido no momento.,http://canadacontainers.com.br,,,LEONARDO  R. Z.,comercial@canadacontainers.com.br
LIMA & BONFA INDUSTRIA E COMERCIO DE FERRAMENTAS LTDA,,00.446.330/0001-05,Sumaré,SP,1939228701,https://limabonfa.com.br/,,,WILSON  P. D. L.,
MULTMEC MANUTENCAO INDUSTRIAL LTDA,MULTMEC MANUTENCAO INDUSTRIAL LTDA,05.583.087/0001-90,Venâncio aires,RS,"5137414977, 51997607302",https://multmec.com.br/,,,ENAR  J. D. R.,
METALURGICA KRABBE LTDA,GRUPO KRABBE,94.646.734/0001-96,Westfália,RS,51995956660,https://grupokrabbe.com.br/,facebook.com/grupokrabbe,,ANELISE  S.,
METALURGICA WAGNER LTDA,,94.565.405/0001-10,Westfália,RS,"5137626148, 5137624336, 51999956520",https://metalwagner.com.br/,facebook.com/watch/MetalurgicaWagnerBR,instagram.com/metalurgicawagnerbr,ARCELO  R. W.,
DOMINGUEZ INDUSTRIA METALURGICA LTDA,,47.132.675/0001-58,São paulo,SP,Nenhum telefone válido no momento.,https://dim.ind.br/,,,FABIO  J. D.,dim@dim.ind.br
SIBA EQUIPAMENTOS E ROLETES LTDA,,03.192.893/0001-02,Campinas,SP,1932462313,https://siba-ind.com.br/,,,GLESI  I. J.,sibaltda@terra.com.br
GALLUS INDUSTRIA E COMERCIO DE MAQUINAS E EQUIPAMENTOS PARA AVICULTURA LTDA,,12.213.363/0001-94,Marau,RS,"54992186362, 5433420892",https://gallus.ind.br/,facebook.com/GallusEquipamentos,,RONILDO  L. S.,empresarial@rigo.com.br
NEUMAN & ESSER ENGENHARIA E SOLUCOES LTDA,,13.493.032/0001-18,Belo horizonte,MG,Nenhum telefone válido no momento.,,,,MARCELO  L. M. V.,
J. FREITAS PECAS E EQUIPAMENTOS INDUSTRIAIS LTDA,,08.708.780/0001-30,Ribeirão preto,SP,1639699777,http://plantrubber.com.br,,,JOSE  A. D. F.,
KENNELAN LAVANDERIA E TINTURARIA INDUSTRIAL LTDA,,72.455.587/0001-34,Tietê,SP,1532823035,https://kennelan.com.br/,facebook.com/kennelanlavanderiaetinturariaind,,ADALBERTO  M.,
MACAM INDUSTRIA E COMERCIO DE MAQUINAS PARA EMBALAGENS DE PLASTICO LTDA.,MACAM,07.744.322/0001-94,São paulo,SP,1124481011,http://macam.ind.br,facebook.com/MacamMaquinas,,LUIZ  A. R.,
POWER MOENDAS INDUSTRIA E COMERCIO LTDA,POWER MOENDAS,08.571.526/0001-33,Sertãozinho,SP,1639469200,https://powermoendas.com.br/,facebook.com/Power-moendas-102816608506201,,PABLO  B. F.,"controladoria@industriaspower.com.br, pablo@transmiservice.com.br"
PRAF INDUSTRIAL LTDA,I9TMG,80.794.548/0001-90,Araucária,PR,"4130601009, 4130601909",https://i9tmg.com.br/,,,PETTERSON  P. D. A.,
INCATEX INDUSTRIA DE ACABAMENTO TEXTIL LTDA,,76.840.701/0001-09,Jaraguá do sul,SC,4733761999,https://incatex.com.br/,,,HERMINIO  Z. S.,"nfe@incatex.com.br, felipe@incatex.com.br"
C R K AUTOMACAO INDUSTRIAL LTDA,CRK AUTOMACAO,93.730.158/0001-06,Novo hamburgo,RS,"5135875851, 5121651863",http://crkautomacao.com.br,facebook.com/crkautomacao,,RICARDO  K.,
NATEC EQUIPAMENTOS LTDA.,,30.457.311/0001-45,Rio de janeiro,RJ,Nenhum telefone válido no momento.,https://natecneptune.com/,facebook.com/natecequipamentos,,FRANCISCO  M. N.,
RODER MAQUINAS E EQUIPAMENTOS LTDA,RODER MAQUINAS E EQUIPAMENTOS,05.420.841/0001-71,Pardinho,SP,1431615110,,,instagram.com/roderbrasil,DYME  A. R.,dyme@roderbrasil.com.br
TPI - TECNICA EM PINTURA INDUSTRIAL LTDA,,61.455.085/0001-97,Jundiaí,SP,1145322014,https://tpipinturas.com.br/,,,FLAVIO  A. G.,luciana@tecnoavance.com.br
MAXILOCK INDUSTRIA E COMERCIO LTDA,MAXILOCK,03.926.593/0001-00,Blumenau,SC,4733321712,http://maxilock.ind.br,facebook.com/maxilockind,,JOSE  A. J.,
QUALITY MACHINES INDUSTRIA E COMERCIO DE MAQUINAS LTDA,,61.565.404/0001-17,Campinas,SP,1932490222,https://qualitymachines.com.br/,facebook.com/qualitylinhasdeenvase,,CARLOS  E. B. P.,
FABIO PEREIRA DOS SANTOS DE CASTRO LTDA,BIOQUIM,06.338.392/0001-80,Pelotas,RS,Nenhum telefone válido no momento.,https://bioquim.com.br/,,,FABIO  P. D. S. D. C.,
TINTOMATIC EQUIPAMENTOS MECANICOS LTDA,,07.855.635/0001-10,Indaiatuba,SP,"1935004801, 1146022000, 11999700020, 11997700020, 19999277775",https://tintomatic.com.br/,,,TAINA  M. B.,
UVTRONIC INDUSTRIA E COMERCIO INTERNACIONAL LTDA,UV TRONIC,07.561.066/0001-08,Nova lima,MG,3125960706,https://uvtronic.com.br/,facebook.com/uvtronic,,EVANDRO  D. C. M.,
FRATEC INDUSTRIAL MECANICA LTDA,,91.610.360/0001-60,Canoas,RS,"5130756565, 5134725558",https://fratec.ind.br/,,,GILBERTO  A. D. S.,
GSN DO BRASIL METALURGICA LTDA,GSN DO BRASIL,05.557.185/0001-53,Piracicaba,SP,Nenhum telefone válido no momento.,https://gsndobrasil.com.br/,,,SOELI  C. D. O. N.,
IDEAL ESTAMPARIA INDUSTRIA E COMERCIO LTDA,IDEAL ESTAMPARIA,21.066.401/0001-14,Birigui,SP,"55997400468, 1836380088, 1836380188",https://idealfundofotografico.com.br/,facebook.com/idealfundofotografico,,JOSE  A. E.,
JR - FABRICACAO DE MAQUINAS E EQUIPAMENTOS LTDA,JR LASER TECHNOLOGY,10.209.525/0001-95,Tubarão,SC,4830522446,https://jrlaser.com.br/,,,JACKSON  S. N.,
FILTERINTER ENTERPRISES LTDA,,57.805.236/0001-12,Campinas,SP,1932723333,https://filterinter.com.br/,facebook.com/Filterinter-Equipamentos-LTDA-255311954490786,,JORGE  I.,
CHRISTENSEN RODER INDUSTRIA DE PRODUTOS DIAMANTADOS LTDA.,,11.592.546/0005-29,São bernardo do campo,SP,"1147270792, 1147270778, 11976982005",,,,ALBERTO  R. V.,"silvana@roder.com.br, comercial@roder.com.br"
TOBU EQUIPAMENTOS INDUSTRIAIS LTDA,TOBU,45.092.855/0001-28,São paulo,SP,1126814555,https://tobu.com.br/,,,MORIKAZU  S.,
"GI INDUSTRIA, COMERCIO E TECNOLOGIA LTDA",GRUPO INNOVAR,05.329.556/0001-40,Uberaba,MG,3433110333,https://innovar.com.br/,,instagram.com/grupo_innovar,,
FILTER CASTILHOS INDUSTRIA COMERCIO E REPRESENTACOES LTDA,,89.271.498/0001-30,Caxias do sul,RS,Nenhum telefone válido no momento.,https://filtercastilhos.com.br/,,,VOLNEI  R. D. C.,
SET MAQUINAS E EQUIPAMENTOS LTDA,SET MAQUINAS E EQUIPAMENTOS,13.710.069/0001-50,Mogi das cruzes,SP,1125989860,https://setme.ind.br/,,,ROBERTA  C. B. D. S.,
SEPARATIONS-TECNOLOGIA E EQUIPAMENTOS DE FILTRACAO LTDA.,,96.191.945/0001-07,Monte aprazível,SP,Nenhum telefone válido no momento.,https://separations.com.br/,,,RUBENS  G. M.,"giovanna@separations.com.br, paulo@separations.com.br, rubens@separations.com.br, contato@separations.com.br"
FLAME COMBUSTION - PROJETOS E EQUIPAMENTOS LTDA,FLAME COMBUSTION,25.024.948/0001-08,São paulo,SP,"1129732261, 1120966242",,,,MARCELO  D. C. C. F.,
ACCI EQUIPAMENTOS INDUSTRIAIS E SERVICOS LTDA,,09.413.486/0001-64,São paulo,SP,"11988803041, 1120247777",https://acciindustrial.com.br/,,,REGINALDO  D.,"reginaldo@acci.ind.br, contato@acci.ind.br"
RB EQUIPAMENTOS INDUSTRIAIS LTDA,,01.529.417/0001-09,Ponta grossa,PR,4232275767,http://rbequipamentos.com.br,,,DIOGENES  K. B.,
IMM INDUSTRIA METAL MECANICA LTDA,,09.438.377/0001-00,Conselheiro lafaiete,MG,31999785024,http://immindustria.com,,,JONNATHAN  L. P.,
GERACAO NOBRE - EQUIPAMENTOS E MONTAGENS INDUSTRIAIS LTDA,GERACAO NOBRE - EQUIPAMENTOS E MONTAGENS INDUSTRIAIS,10.960.089/0001-91,Sertãozinho,SP,"1630412644, 1635249022",https://geracaonobre.com.br/,,,VAGNER  F. D. S.,
BIANCHI FORMAS E TECNOLOGIA PARA PRE-MOLDADOS LTDA.,,21.345.093/0001-66,Atibaia,SP,11973213757,https://bianchiformas.com.br/,facebook.com/BianchiFormas,,CARLOS  A. G.,
MC FLUID EQUIPAMENTOS INDUSTRIAIS LTDA.,,10.943.290/0001-60,Santana de parnaíba,SP,Nenhum telefone válido no momento.,,,,JESSICA  P. C. F. F.,
BRINGER INDUSTRIA E COMERCIO DE INSTRUMENTACAO LTDA,,59.186.809/0001-00,Santo andré,SP,1144252299,https://bringer.com.br/,facebook.com/bringerindustria,,JOSE  J. P. N.,
AIR FILTER SYSTEMS INDUSTRIA E COMERCIO DE MAQUINAS E EQUIPAMENTOS LTDA,AIR FILTER SYSTEMS,15.639.195/0001-91,Atibaia,SP,Nenhum telefone válido no momento.,https://airfilter.com.br/,,,CAMILA  G. F. D. G. M.,
HIDROSINTESE FABRICA DE EQUIPAMENTOS AMBIENTAIS LTDA,HIDROSINTESE,14.662.251/0001-46,Paulo lopes,SC,Nenhum telefone válido no momento.,https://hidrosintese.com.br/,,,HELIO  G. D. S.,
FAE - INDUSTRIA E COMERCIO DE MAQUINAS INDUSTRIAIS LTDA,FAE BIOENERGIA,02.307.936/0001-95,Ouro,SC,Nenhum telefone válido no momento.,https://faeindustria.com.br/,,,FLAVIO  F.,
METALURGICA ENCAIXE USINAGEM LTDA,ENCAIXE METALURGICA E USINAGEM,10.759.429/0001-10,Santa bárbara doeste,SP,1934543174,https://metalurgicaencaixe.com.br/,,,FABIO  A.,
PREMIUM USINAGEM E FERRAMENTARIA LTDA,PREMIUM,02.993.986/0001-73,Diadema,SP,Nenhum telefone válido no momento.,https://premiumusinagem.com.br/,,,ANTONIO  C. L. D. S.,
KS EQUIPAMENTOS DE ACO LTDA,,25.015.551/0001-50,Mogi guaçu,SP,"1938188707, 1938613696, 1938313727",,,,ADALBERTO  D. A.,
ECD DO NASCIMENTO LTDA,GRUPO ECD,06.821.751/0001-55,Guarulhos,SP,1126565804,https://grupoecd.com.br/,,,ERNESTO  C. D. D. N.,
ATEMI - AUTOMACAO TECNOLOGIA E MANUFATURA INTELIGENTE LTDA,ATEMI AUTOMACAO INDUSTRIAL,03.727.273/0001-20,Valinhos,SP,Nenhum telefone válido no momento.,https://atemi.com.br/,,,JORGE  P. I.,
FW DO BRASIL INDUSTRIAL LTDA,FW DO BRASIL,19.520.699/0001-49,Guarulhos,SP,1137366400,https://fwdobrasil.com.br/,facebook.com/FwdoBrasil,,BRUNA  G. C.,
PIONEER MACHINERY BRAZIL LTDA,PIONEER MACHINERY DO BRASIL,24.498.918/0001-70,Indaiatuba,SP,"1939355302, 1938169477",,,,CHRISTIAN  A. Z.,
FABRIMAK INDUSTRIA E COMERCIO DE MAQUINAS INDUSTRIAIS LTDA,,07.198.638/0001-28,Marília,SP,Nenhum telefone válido no momento.,http://fabrimak.com.br,,,NEUSA  B. D. O.,
MATHEUS RODRIGUES MARILIA,MAQUINAS MAN INDUSTRIA E COMERCIO,45.966.066/0001-79,Marília,SP,Nenhum telefone válido no momento.,https://man.com.br/,,,,
REGERA ENERGIA LTDA,REGERA ENERGIA,28.855.841/0001-08,Patos de minas,MG,3438264500,https://aumaenergia.com.br/,facebook.com/Auma-Café-1833548590012602,,ANDRE  H. A.,
INDUSTRIAL HEATING EQUIPAMENTOS E COMPONENTES LTDA,,01.591.724/0001-10,Sumaré,SP,1938546699,https://industrialheating.com.br/,,,FABIOLA  A. M.,
OCINOX EQUIPAMENTOS E PROCESSOS INDUSTRIAIS LTDA,OCX,43.075.269/0001-40,Piracicaba,SP,19982420013,https://ocinox.com.br/,,,ALAN  F. A. C.,
PROMEC AUTOMACAO E SISTEMAS MECATRONICOS INDUSTRIA E COMERCIO LTDA,PROMEC,08.763.080/0001-49,Limeira,SP,1930347336,https://promecautomacao.com.br/,,,FELIPE  L. B.,
GBT INDUSTRIA E COMERCIO DE EQUIPAMENTOS INDUSTRIAIS LTDA,,90.819.731/0001-56,Porto alegre,RS,5133191944,https://elefant.com.br/,,,BOLIVAR  P. F.,cristiano@castellicontabil.com.br
BRA-IN SCREEN SOLUTIONS - INDUSTRIA E COMERCIO DE TELAS LTDA.,,16.629.887/0001-11,Sertãozinho,SP,Nenhum telefone válido no momento.,https://brainss.ind.br/,facebook.com/brainscreensolutions,,DANILO  D. J.,
RFC INDUSTRIA COMERCIO DE EQUIPAMENTOS E ENGENHARIA LTDA,RFC BIOPROCESSOS,20.184.464/0001-02,Guarulhos,SP,11988095596,http://rfcengenharia.com,,,ROBSON  F. C.,
MICROONDAS DESENVOLVIMENTOS E TECNOLOGIAS LTDA,MICROONDAS,21.652.579/0001-47,Campinas,SP,"19999895111, 1933672016",http://innovatusbrasil.com.br,,,JOSE  L. B. N.,
RAIMECK INDUSTRIA E COMERCIO LTDA,RAIMECK INDUSTRIA E COMERCIO,00.029.052/0001-90,São paulo,SP,1155245821,https://raimeck.com.br/,,,RICARDO  B. D. O. S.,raimar@raimeck.com.br
BRASETT INDUSTRIA E COMERCIO LTDA,GRUPO JK / BRASETT,04.282.217/0001-92,Videira,SC,Nenhum telefone válido no momento.,https://brasett.com.br/,,,JARBAS  V.,
SACHET TECNOLOGIA EM AUTOMACAO E ROBOTICA LTDA,,02.095.629/0001-98,Caxias do sul,RS,Nenhum telefone válido no momento.,https://sachet.ind.br/,facebook.com/Sachettecnologia,,EDUARDO  J. S.,
AUTOMATIC MAQUINAS E EQUIPAMENTOS PARA FUNDICAO LTDA,AUTOMATIC MAQUINAS E EQUIPAMENTOS PARA FUNDICAO LTDA,26.552.840/0001-50,Caxias do sul,RS,5430211080,https://automaticfs.com/,,,PABLO  L. L. H.,"martin@automaticfs.com, pablo@automaticfs.com"
FLOWMEC EQUIPAMENTOS E SISTEMAS LTDA,FLOWMEC,02.812.702/0001-03,Canoas,RS,5134750170,https://flowmec.com.br/,facebook.com/Flowmec-512072278853288,,ALVARO  C. A.,
INTEGRA INDUSTRIA COMERCIO IMPORTACAO E SERVICOS LTDA,,29.877.328/0001-72,Coronel fabriciano,MG,31987479514,http://integraeng.net,,,RICARDO  D. B. M.,
TOZ SOLUCOES INDUSTRIAIS LTDA EM RECUPERACAO JUDICIAL,TOZ SOLUCOES INDUSTRIAIS,21.118.268/0001-00,Colombo,PR,4141090203,https://toz.ind.br/,facebook.com/tozpump,,REGINA  L. D. S.,
METALURGICA PRIMAR LTDA,METALURGICA PRIMAR,08.505.998/0001-98,Itu,SP,1127154286,https://vhr.ind.br/,facebook.com/vhrequipamentos,,FRANCISCO  D. S. S.,vhr@vhr.ind.br
ARCMEX ROBOTICA E SOLUCOES INDUSTRIAIS LTDA,ARCMEX,29.029.985/0001-60,Jaguaruna,SC,"4836600837, 48996064065",https://arcmex.com.br/,facebook.com/arcmexroboticsbr,,JACQUELINE  M. A.,
FERCAM MOLDES E EQUIPAMENTOS LTDA,,05.236.321/0001-03,Joinville,SC,4734274979,https://fercammoldes.com.br/,,,MANOEL  F. F.,
A A P HARON COMERCIO,ROFEI ENGENHARIA INDUSTRIAL,34.245.113/0001-79,Santana de parnaíba,SP,1147055593,https://rofei.com.br/,facebook.com/rofei.engenhariaindustrial,,,
RAIZEN MACHINE LTDA,,41.601.023/0001-39,Jaraguá do sul,SC,4734077550,https://raizenmachine.com.br/,,,ARIF  M. A.,
METAL GYPSUM INDUSTRIA E COMERCIO DE MAQUINAS E EQUIPAMENTOS LTDA,TOPA BRASIL,04.410.490/0001-55,Colombo,PR,4136750791,https://metalgypsum.com.br/,facebook.com/metalgypsum,,PAULO  L. R.,
TECNOFRIGO INDUSTRIA E COMERCIO DE MAQUINAS E PECAS LTDA,TECNOFRIGO,10.878.291/0001-79,São caetano do sul,SP,"1142264942, 1127592354, 1127592350",https://tecnofrigomaquinas.com.br/,facebook.com/Tecnofrigomaquinas,,ALEXANDRE  L.,
BERLANDIO BERNARDINO CABRAL MAQUINAS E EQUIPAMENTOS INDUSTRIAIS,EKIINOX MAQUINAS,11.360.648/0001-95,Osasco,SP,Nenhum telefone válido no momento.,http://ekiinox.com.br,facebook.com/Ekiinox-máquinas-465396046826297,,BERLANDIO  B. C.,
FF INDUSTRIA DE MAQUINAS INDUSTRIAIS LTDA,MAX METAL MECANICA,16.794.036/0001-24,Videira,SC,Nenhum telefone válido no momento.,https://maxmetalmecanica.com.br/,,,FERNANDO  M. S.,
V. V. EQUIPAMENTOS INDUSTRIAIS LTDA,V. V. EQUIPAMENTOS INDUSTRIAIS,04.327.628/0001-57,Sertãozinho,SP,1639478181,http://vvequipamentos.com.br,,,CARMEN  L. V.,
FALA COMERCIO DE EQUIPAMENTOS PARA GALVANOPLASTIA LTDA,,07.122.611/0001-51,São paulo,SP,1120990680,http://falaequipamentos.com.br,,,FLAVIO  M. D. N.,
ROSH INDUSTRIA E COMERCIO DE PECAS E DE MAQUINAS LTDA,ROSH INDUSTRIAL,31.687.262/0001-08,Serra,ES,"2721254849, 2733283839",https://rosh.ind.br/,facebook.com/Rosh-Industrial-138990682934797,,OSVALDO  G. R.,
PRECEDE LTDA,,20.308.255/0001-23,Teutônia,RS,"51999615612, 5137622323",https://precede.com.br/,,,MARCUS  B.,
RAIMETAL INDUSTRIA DE MAQUINAS LTDA.,RAIMETAL MAQUINAS PARA CERAMICA,09.602.653/0001-15,Tubarão,SC,Nenhum telefone válido no momento.,http://raimetal.com.br,,,EDSON  C. D. P.,
EINTEGRA TECNOLOGIA SOCIEDADE UNIPESSOAL LTDA.,ETEC,37.020.056/0001-18,São joaquim de bicas,MG,Nenhum telefone válido no momento.,https://eintegra.tec.br/,,"instagram.com/eintegra.tec,instagram.com/eintegra",ALEXANDRE  D.,
GOMERTEX INDUSTRIA E COMERCIO DE FIOS LTDA,GOMERTEX,11.195.957/0001-57,Botuverá,SC,Nenhum telefone válido no momento.,https://gomertex.com.br/,facebook.com/Gomertex-Fios-246391802176530,,LARISSA  M.,
MENDES & VIEIRA EQUIPAMENTOS INDUSTRIAIS LTDA,,03.751.175/0001-29,São pedro do turvo,SP,14996528875,https://mendesvieira.com.br/,,,EDINEI  J. M.,